{
  "dataset_path": "data/synthetic_web_auth_logs_v2.csv",
  "samples": 70610,
  "anomaly_rate": 0.10763347967709956,
  "rf_weight": 0.5004726603224794,
  "lr_weight": 0.4995273396775206,
  "threshold": 0.7999999999999996,
  "roc_auc": 0.9532703142358356,
  "pr_auc": 0.8904035215779427,
  "f1": 0.860456942003515,
  "classification_report": {
    "0": {
      "precision": 0.976869578807533,
      "recall": 0.9919853991429932,
      "f1-score": 0.9843694633646994,
      "support": 12602.0
    },
    "1": {
      "precision": 0.9237735849056604,
      "recall": 0.8052631578947368,
      "f1-score": 0.860456942003515,
      "support": 1520.0
    },
    "accuracy": 0.9718878345843365,
    "macro avg": {
      "precision": 0.9503215818565967,
      "recall": 0.898624278518865,
      "f1-score": 0.9224132026841072,
      "support": 14122.0
    },
    "weighted avg": {
      "precision": 0.9711546722269604,
      "recall": 0.9718878345843365,
      "f1-score": 0.9710323275150321,
      "support": 14122.0
    }
  }
}